,actual_answer,predicted_answer,answer_match
0,10 may 2010,10 may 2010,1.0
1,,1892,
2,south ribble,south ribble,1.0
3,,5,
4,arsenal of democracy,democracy,0.0
5,"architecture is to this day the basis of modern computer design,",computers,0.0
6,suleiman the magnificent,suleiman,0.0
7,dna analysis,dna,0.0
8,health and education,health and education,1.0
9,,soviet,
10,,1967,
11,melvyn c. goldstein,hugh edward richardson,0.0
12,,aristotle,
13,,rice,
14,four,four,1.0
15,orthodox,orthodox judaism,1.0
16,0 to 10,0 to 10,1.0
17,feminist,,0.0
18,lou piniella,lou piniella,1.0
19,,flint,
20,high quality,high,0.0
21,,,
22,,alloy is a mixture of metals or a mixture of a metal and another element. alloys are defined by metallic bonding character. an alloy may be a solid solution of metal elements (a single phase) or a mixture of metallic phases (two or more solutions). intermetallic compounds are alloys,
23,two,two,1.0
24,the 2nd century,2nd century,0.0
25,,two and a half months,
26,,good deeds,
27,,requirements,
28,,german,
29,justin berkmann,justin berkmann,1.0
30,"the carpathian mountains, the lower danube and the black sea",carpathian mountains,0.0
31,metaphors,"""wall of separation",0.0
32,development of programs for management of threatened and endangered species by state wildlife agencies,management,0.0
33,chris daughtry,chris daughtry,1.0
34,polish,poles,0.0
35,la dauphine,la dauphine,1.0
36,the mini-b usb connector,usb,0.0
37,,tg matrix,
38,eight,eight-day,1.0
39,railroad center of texas,railroad,0.0
40,rationalism,rationalism,1.0
41,nagarjuna sagar dam,nagarjuna sagar dam,1.0
42,,williams tower,
43,apologised for faking footage,faking footage,0.0
44,20th century,20th,0.0
45,,sikhism,
46,mount rainier,mount rainier,1.0
47,,eighth,
48,tuberculosis,tuberculosis,1.0
49,,unity,
50,the merge,merge,0.0
51,the szlachta,polish,0.0
52,phillip island,phillip island,1.0
53,media,media freedom,1.0
54,climbing,carnival,0.0
55,against life,"""against life",1.0
56,,cyberwarfare,
57,,"norman o. brown, acknowledges brown's observation that the seeming disorganization of quranic literary expression – its scattered or fragmented mode of composition in sells's phrase – is in fact a literary device capable of delivering profound effects as if the intensity of the prophetic message were shattering the vehicle of human language in which it was being communicated. sells also addresses the much-discussed repetitiveness of the quran, seeing this, too, as a literary device.</s><pad>",
58,chancel,chancel,1.0
59,2009,2009,1.0
60,outdoor life network,outdoor life network,1.0
61,,roku,
62,adlai stevenson,adlai stevenson,1.0
63,,hunter-gatherer,
64,,waste treatment,
65,,cardiff,
66,sola fide (by faith alone),sola fide (by faith alone,0.0
67,bitumen,tarmac,0.0
68,two,two,1.0
69,,"corrosion resistant, and weatherproof architectural material. roofs, flashings, rain gutters, downspouts, domes, spires, vaults, and doors have been made from copper for hundreds or thousands of years. copper's architectural use has been expanded in modern times to include interior and exterior wall cladding, building expansion joints, radio frequency shielding, and antimicrobial indoor products, such as attractive handrails, bathroom fixtures, and counter tops. some of copper's other important benefits as an architectural material include its low thermal movement, light weight, lightning protection, and its recyclability.</s><pad>",
70,grand architect,grand architect,1.0
71,it is richest in the tropics.,tropics,0.0
72,belarus,belarus,1.0
73,junk,junk,1.0
74,undescribed,undescribed,1.0
75,,industrialization,
76,code of federal regulations 28 cfr 26.4,code of federal regulations,0.0
77,old city,old city,1.0
78,the early 1950s,1950s,0.0
79,,"salons extended beyond the conventional cézanne-like subjects—the posed model, still-life and landscape—favored by picasso and braque to include large-scale modern-life subjects. aimed at a large public, these works stressed the use of multiple perspective and complex planar faceting for expressive effect while preserving the eloquence of subjects endowed with literary and philosophical connotations.</s><pad>",
80,,pasha (pas-ha); this also applies to some foreign names.</s><pad>,
81,arabian nights,arabian nights,1.0
82,"36,620","36,620",1.0
83,,"undergraduates, politics & policy publishes several times a week with material ranging from short summaries of events to extended research pieces. the organization is funded in part by the buffett center.</s><pad>",
84,the taxation of salt and alcohol begun by empress elizabeth in 1759 to complete her addition to the winter palace.,winter palace,0.0
85,14,14,1.0
86,"225,000","225,000",1.0
87,,10,
88,,shell,
89,,licentia docendi,
90,"up to 30,000",,0.0
91,china,china,1.0
92,foia disputes,foia,0.0
93,boomhuis,(boomhuis,1.0
94,in the post–world war ii era,post–world war ii,0.0
95,by examining historical records,historical,0.0
96,the guardian,guardian,0.0
97,1843,1843,1.0
98,crimes like murder,"murder. nevertheless, the holocaust is universally recognized to have been a genocide and the term, that had been coined the year before by raphael lemkin, appeared in the indictment of the 24 nazi leaders, count 3, which stated that all the defendants had ""conducted deliberate and systematic genocide—namely, the extermination of racial and national groups...""</s><pad>",0.0
99,12.7%,,0.0
100,lord chancellor,lord chancellor,1.0
101,30.8,30.8%,1.0
102,,19th century,
103,either for the purposes of evacuating the building or for security reasons,security,0.0
104,,,
105,,violence,
106,cash rents,cash,0.0
107,approximately 24%,24,0.0
108,180,180,1.0
109,,henry reuss,
110,emulation of the moral actions and attitudes that jesus demonstrated in his earthly ministry,imitation of his life,0.0
111,,classic,
112,"3,007 feet","3,007 feet",1.0
113,golden age of classical athens,classical,0.0
114,derogatory,muslims,0.0
115,five,five,1.0
116,inorganic chemical elements,inorganic chemical elements,1.0
117,2001,2001,1.0
118,country pub,"""country pub",1.0
119,mixed-to-negative,mixed-to-negative,1.0
120,oak park and ferndale,inner-ring,0.0
121,handicrafts,handicrafts,1.0
122,mpeg-2,mpeg-2 compression on a dvb-s signal from ses's astra 1h satellite. euro1080 transmissions later changed to mpeg-4/avc compression on a dvb-s2 signal in line with subsequent broadcast channels in europe.</s><pad>,1.0
123,,"""achievement",
124,december 2004,2004,0.0
125,bruges,bruges,1.0
126,,standard model,
127,,fairbanks,
128,20,20,1.0
129,dualshock 3,dualshock 3,1.0
130,oscar niemeyer,oscar niemeyer,1.0
131,tim maudlin,tim maudlin,1.0
132,,arsenal,
133,ancient egyptian,egyptian,0.0
134,numerous explanatory notes giving her own answers to doubts that darwin expressed,religious,0.0
135,resident,palagi,0.0
136,berber,amazigh (berber,1.0
137,jamia nayeemia muradabad,deoband,0.0
138,19th century,19th century,1.0
139,de materia medica,de materia medica,1.0
140,,homo sapiens,
141,,federation,
142,an ape,orangutan,0.0
143,dominion theatre,dominion theatre,1.0
144,"4,000","4,000",1.0
145,underwater,underwater volcano,1.0
146,,acidic,
147,,2007,
148,,tubote,
149,polymorphic,polymorphic,1.0
150,"all the surfaces of depicted objects in a single picture plane, as if the objects had all their faces visible at the same time.",in a single,0.0
151,himachal pradesh high court and a system of lower courts.,courts,0.0
152,the eunuchs' execution,execution,0.0
153,like the colors of the spectrum,race,0.0
154,lord curzon,lord curzon,1.0
155,"1,200","1,100",0.0
156,physical,biological or physical anthropology,1.0
157,a growing papyrus sprout,papyrus,0.0
158,,fourth of june,
159,diana,diana,1.0
160,2004,2004,1.0
161,,40%,
162,,"indiana jones and the last crusade, it is revealed that indy has always had a very strained relationship with his father, who is a professor of medieval literature, as his father always seemed more interested in his work, specifically in his studies of the holy grail, than in his own son, although his father does not seem to realize or understand the negative effect that his aloof nature had on indy (he even believes he was a good father in the sense that he taught his son ""self reliance,"" which is not how indy saw it). even oskar schindler, from schindler's list, is reluctant to have a child with his wife. munich depicts avner as a man away from his wife and newborn daughter. there are of course exceptions; brody in jaws is a committed family man, while john anderton in minority report is a shattered man after the disappearance of his son. this theme is arguably the most autobiographical aspect of spielberg's films, since spielberg himself was affected by his parents' divorce as a child and by the absence of his father. furthermore, to this theme, protagonists in his films often come from families with divorced parents, most notably e.t. the extra-terrestrial (protagonist elliot's mother is divorced) and catch me if you can (frank abagnale's mother and father split early on in the film). little known also is tim in jurassic park (early in the film, another secondary character mentions tim and lex's parents' divorce). the family often shown divided is often resolved in the ending as well. following this theme of reluctant fathers and father figures, tim looks to dr. alan grant as a father figure. initially, dr. grant is reluctant to return those paternal feelings to tim. however, by the end of the film, he has changed, and the kids even fall asleep with their heads on his shoulders.</s><pad>",
163,scarring,,0.0
164,haploid generative,sperm,0.0
165,galileo,galileo,1.0
166,219 years,219 years,1.0
167,,kool kat,
168,,emotions,
169,,beer,
170,,"rutherford invited and cultivated opposition for publicity purposes in a bid to attract dispossessed members of society, and to convince members that persecution from the outside world was evidence of the truth of their struggle to serve god. watch tower society literature of the period directed that witnesses should ""never seek a controversy"" nor resist arrest, but also advised members not to co-operate with police officers or courts that ordered them to stop preaching, and to prefer jail rather than pay fines.</s><pad>",
171,civilian,civilian,1.0
172,"primordial, natural, enduring and distinct",primordial,0.0
173,,tristan da cunha canned crawfish,
174,austria,austria,1.0
175,july 2012,2012,0.0
176,a shellac-based compound,shellac,0.0
177,summerhaven,summerhaven,1.0
178,,restore,
179,minimal,minimal,1.0
180,the bible,bible,0.0
181,22.9,22.9,1.0
182,revolution of 1830,revolution,0.0
183,jan ekier,jan ekier,1.0
184,,flying squirrel,
185,district of hackney wick in east london,hackney wick in east london,0.0
186,,glacial earthquakes,
187,1978,1978,1.0
188,"236,900","236,900",1.0
189,tynwald hill at st john's,tynwald hill at st john's,1.0
190,,heavy aviation cruisers,
191,19 state rooms,52,0.0
192,"$214,000 and $71,000","$214,000",0.0
193,he is regarded as one of the giants of modern mathematics,"most influential mathematician who ever lived,"" wrote miklós rédei in ""selected letters."" james glimm wrote: ""he is regarded as one of the giants of modern mathematics"". the mathematician jean dieudonné called von neumann ""the last of the great mathematicians"", while peter lax described him as possessing the ""most scintillating intellect of this century"".</s><pad>",1.0
194,ethics,ethics,1.0
195,,undemocratic,
196,swifts,swifts,1.0
197,"8th, 16th and 17th",paris,0.0
198,a church was built within the walls of the roman fortress,church,0.0
199,"marx, durkheim, and weber",marx,0.0
200,,<pad>,
201,limassol,limassol,1.0
202,,"""potemkin",
203,sea grapes,coconut palm,0.0
204,1644–1911,,0.0
205,the holy roman empire,holy roman empire,0.0
206,both clubs and in the mainstream pop scene,clubs,0.0
207,dw kanye west,dw,0.0
208,access to parts of the internet the contracting isp by itself has no access to,internet access,0.0
209,1970,1970,1.0
210,,35 kilometres,
211,in front of st. george's cathedral.,lviv,0.0
212,technical details,gray's patent caveat,0.0
213,bohras,"""bohras",1.0
214,water-saturated,(water-saturated,1.0
215,a few days up to multiple decades,few days,0.0
216,king peter ii,peter ii,0.0
217,,dialect,
218,,(1368,
219,,1937,
220,muslim conquests,muslim conquests,1.0
221,technical and commercial,oil,0.0
222,,1848,
223,peristalsis,peristalsis,1.0
224,from 5 to 6 december,5 to 6 december,0.0
225,,oswald,
226,,canons,
227,,,
228,enmebaragesi,gilgamesh,0.0
229,,american revolutionary war,
230,franklin d. roosevelt,,0.0
231,,indian,
232,bagdatikos,bagdatikos,1.0
233,,irish republican,
234,domestically and internationally,nanjing,0.0
235,wilbur wright,wilbur wright,1.0
236,,vistula,
237,,"contrasts with dualism, phenomenalism, idealism, vitalism, and dual-aspect monism. its materiality can, in some ways, be linked to the concept of determinism, as espoused by enlightenment thinkers.</s><pad>",
238,habitat protection and recovery goals,protection and recovery,0.0
239,43,43,1.0
240,the greater london authority (gla),greater london authority,0.0
241,kim il-sung,"kim il-sung that he was responsible for the kpa's atrocities. by september, the un command controlled the pusan perimeter, enclosing about 10% of korea, in a line partially defined by the nakdong river.</s><pad>",1.0
242,interfere,pain is the most common reason for physician consultation in most developed countries. it is a major symptom in many medical conditions,0.0
243,both health and diseases,health and diseases,0.0
244,,hunters,
245,britain,britain,1.0
246,,"orwell's nineteen eighty-four, and alan rogerson describes the religion's leadership as totalitarian. other critics charge that by disparaging individual decision-making, the religion's leaders cultivate a system of unquestioning obedience in which witnesses abrogate all responsibility and rights over their personal lives. critics also accuse the religion's leaders of exercising ""intellectual dominance"" over witnesses, controlling information and creating ""mental isolation"", which former governing body member raymond franz argued were all elements of mind control.</s><pad>",
247,,netflix subscription,
248,2015,"1948 election, the state turned firmly republican. although registered republicans were a minority in the state until 2015, starting in 1952",1.0
249,,roman,
250,,<pad>,
251,,inert,
252,1989,1989,1.0
253,,spanish dollars,
254,artemis,artemis,1.0
255,malware,malware,1.0
256,,lcd,
257,,grain,
258,growth rings,sapwood,0.0
259,professor franz six,franz six,0.0
260,,machiavelli,
261,,two percent,
262,latin american work,playwrights,0.0
263,scientific journals,scientific journals,1.0
264,19,19,1.0
265,upper,middle,0.0
266,2009,2009,1.0
267,its colonial history,colonial history,0.0
268,,1996,
269,420,420,1.0
270,north,north,1.0
271,dissolution of communal landholdings,dissolution of communal landholdings,1.0
272,her mother,her mother,1.0
273,eastern orthodoxy,eastern orthodoxy,1.0
274,hm treasury,hm treasury,1.0
275,,extinct,
276,,tottenham hotspur,
277,the association of american universities,association of american universities,0.0
278,cabooses,cabooses,1.0
279,,"12 and 16,5 million",
280,,1970s,
281,,going down,
282,the united states is bermuda's largest trading partner,,0.0
283,,expressionist,
284,roman,former roman administrators,1.0
285,9th century,9th century,1.0
286,the 1960s,1960s,0.0
287,,"two subtypes of acute coronary syndrome, namely non-st-elevated and st-elevated mis, which are most frequently (but not always) a manifestation of coronary artery disease. the most common triggering event is the disruption of an atherosclerotic plaque in an epicardial coronary artery, which leads to a clotting cascade, sometimes resulting in total occlusion of the artery. atherosclerosis is the gradual buildup of cholesterol and fibrous tissue in plaques in the wall of arteries (in this case, the coronary arteries), typically over decades. bloodstream column irregularities visible on angiography reflect artery lumen narrowing as a result of decades of advancing atherosclerosis. plaques can become unstable, rupture, and additionally promote the formation of a blood clot that occludes the artery; this can occur in minutes. when a severe enough plaque rupture occurs in the coronary arteries, it leads to mi (necrosis of downstream myocardium). it is estimated that one billion",
288,pigs,pigs,1.0
289,bureaucratic superstate,japanese government,0.0
290,opus dei center,opus dei,0.0
291,yangtze river,yangtze,0.0
292,"750,000","750,000",1.0
293,queen louise,his wife queen louise,1.0
294,"many have paid staff including management, whereas others employ unpaid volunteers and even executives who work with or without compensation","paid staff including management, whereas others employ unpaid volunteers and even executives who work with or without compensation (occasionally nominal). in some countries, where there is a token fee, in general it is used to meet legal requirements for establishing a contract between the executive and the organization.</s><pad>",0.0
295,in canada's arctic,arctic,0.0
296,"10,000 feet","10,000 feet",1.0
297,,united nations international security assistance force,
298,three,,0.0
299,,rogers,
300,,erwin schrödinger,
301,"september 21, 1953",1953,0.0
302,route through beringia,route through beringia,1.0
303,the rate of flow of a charge q(t) passing through it,rate of flow,0.0
304,4th century–1489,middle ages,0.0
305,little rock,little rock,1.0
306,saprophages,dead,0.0
307,,"54.8%, services 28.7%, industry 10.2%, commerce 6.1%, agribusiness 0.2%.</s><pad>",
308,marriage,marriage,1.0
309,,march,
310,,steel,
311,to keep them dry,"ice melted after the last glacial period, late paleolithic communities were established along the lake shores and in cave systems. evidence of human habitation has been found in caves near vercors, close to grenoble; in austria the mondsee culture shows evidence of houses built on piles to keep them dry",1.0
312,walnut street theatre,walnut street theatre,1.0
313,,"clergy. dominic's new order was to be a preaching order, trained to preach in the vernacular languages. rather than earning their living on vast farms as the monasteries had done, the new friars would survive by begging, ""selling"" themselves through persuasive preaching.</s><pad>",
314,between 1550 and 1900,classical music,0.0
315,use of traditional cavalry,cavalry charges,0.0
316,cronyism,cronyism,1.0
317,toyotomi hideyoshi,toyotomi,0.0
318,literary devices,devices,0.0
319,it has preserved extensive commercial ties,<pad>,0.0
320,six red bands in the tibetan flag,six red bands,0.0
321,,mount kosciuszko,
322,second air force,second air force,1.0
323,king henry,henry viii,0.0
324,prince henry of battenberg,prince henry of battenberg,1.0
325,,"""separation of church and state",
326,,"pancake motors are still widely used in high-performance servo-controlled systems, robotic systems, industrial automation and medical devices. due to the variety of constructions now available, the technology is used in applications from high temperature military to low cost pump and basic servos.</s><pad>",
327,,,
328,magnus hirschfeld,magnus hirschfeld,1.0
329,specifically designed usb 2.0 high speed interfaces,usb,0.0
330,"greeks, kushans, scythians, turks, and afghans",afghans,0.0
331,"cedar point, ohio",cedar point,0.0
332,secret intelligence service,mi6,0.0
333,the battle of cape finisterre,cape finisterre,0.0
334,,ontario to teach anatomy to medical students.</s><pad>,
335,"september 27, 1821",1821,0.0
336,,"it either approves it and sends it to the senate with the text ""the second chamber of the states general sends the following approved proposal of law to the first chamber"", or it rejects it and returns it to the government with the text ""the second chamber of the states general has rejected the accompanying proposal of law."" if the upper house then approves the law, it sends it back to the government with the text ""to the king, the states general have accepted the proposal of law as it is offered here.""</s><pad>",
337,officials in power of a state or area,state,0.0
338,history,history,1.0
339,240,240-acre,1.0
340,feed and clothe,feed,0.0
341,the near east,near east,0.0
342,,commonwealth stadium,
343,1729,1729,1.0
344,a great-great grandson of jacob,"moses, a great-great grandson",0.0
345,,puzzles,
346,market for exports,exports,0.0
347,,saturday,
348,european mainland,european,0.0
349,,1909,
350,renaissance architecture,renaissance,0.0
351,three,three,1.0
352,perform rituals,,0.0
353,internet radio,seattle,0.0
354,1870,1870,1.0
355,before dawn,,0.0
356,they believed evolution was purposeful and progressive.,eclipse of darwinism,0.0
357,"june 11, 2001",2001,0.0
358,,books on islamic history,
359,civil service,civil service,1.0
360,1241–1246,"1247, tibet was officially incorporated into the mongol empire during the regency of töregene khatun (1241–1246",1.0
361,philadelphia,philadelphia,1.0
362,guano,guano,1.0
363,the physical transition marked by the onset of puberty and the termination of physical growth,puberty,0.0
364,,time,
365,india,india,1.0
366,galician-portuguese,galician-portuguese,1.0
367,north,chihuahuan desert,0.0
368,thicker,<pad>,0.0
369,hmg-coa reductase,hmg-coa reductase,1.0
370,minoan period,minoan,0.0
371,30,30,1.0
372,interstate 95,interstate 95,1.0
373,,karl popper,
374,200 metres,200 metres,1.0
375,2001,2001,1.0
376,,hayek,
377,political elites that were concerned with contesting elections and restricted the influence of outsiders,"french political scientist maurice duverger drew a distinction between cadre parties and mass parties. cadre parties were political elites that were concerned with contesting elections and restricted the influence of outsiders, who were only required to assist in election campaigns. mass parties tried to recruit new members who were a source of party income and were often expected to spread party ideology as well as assist in elections.socialist parties",1.0
378,albany firebirds,albany firebirds,1.0
379,,"feudal conflict of the middle ages heavily affected utrecht. the prince-bishopric was involved in almost continuous conflicts with the counts of holland and the dukes of guelders. the veluwe region was seized by guelders, but large areas in the modern province of overijssel remained as the oversticht.</s><pad>",
380,a young bear cub,clark,0.0
381,,republican movement,
382,on the ground,ground,0.0
383,,mountains,
384,"genome size, gene order, codon usage bias, and gc-content",genes,0.0
385,mgm grand hotel & casino in las vegas,las vegas,0.0
386,,assign electoral votes,
387,mediterranean,mediterranean,1.0
388,"florida had become a burden to spain, which could not afford to send settlers or garrisons",florida had become,0.0
389,"ginger, victor, hercules and terrible ted",ginger,0.0
390,melbourne airport (also called tullamarine airport),melbourne,0.0
391,,,
392,,1994,
393,innsbrook,(innsbrook,1.0
394,ties to the state during the commonwealth,state,0.0
395,protestant bible societies,protestants,0.0
396,doug morris,doug morris,1.0
397,907,907,1.0
398,1974,1974,1.0
399,german,german,1.0
400,sasha fierce,sasha fierce,1.0
401,,nasara,
402,alsatian,german,0.0
403,the great majority,,0.0
404,,toilet fair,
405,the bureau of topography,topography,0.0
406,because new nucleotides are added via a dehydration reaction that uses the exposed 3' hydroxyl as a nucleophile,dehydration reaction,0.0
407,,chinook,
408,,history,
409,,1846,
410,photograph,superstorm sandy,0.0
411,,king richard i,
412,,prince albert,
413,putting an end to the french plans.,<pad>,0.0
414,in brightly colored clothes,brightly colored,0.0
415,,florence,
416,e wings of flightless birds and the rudiments of pelvis and leg bones found in some snakes,wings,0.0
417,perkin warbeck,perkin warbeck,1.0
418,the medieval and classical understanding of knowledge acquisition,classical,0.0
419,,world wide web.</s><pad>,
420,,britain and france,
421,19th-century racial ideology,racial ideology,0.0
422,"charles, marquess of rockingham",marquess of rockingham,0.0
423,union blockade,blockade,0.0
424,amoy hokkien,amoy,0.0
425,stuart hall (1932–2014) and raymond williams (1921–1988),sociologists,0.0
426,,pangaea,
427,milk famous,milk famous,1.0
428,was of a different origin than the slavonic peasants,,0.0
429,100%,100%,1.0
430,st. mary magdalene's church,,0.0
431,with din 4512:1961-10,"4512:1957-11, and the example above would be written as ""18° din"". the degree symbol was finally dropped with din 4512:1961-10",1.0
432,chinese characters,graphs,0.0
433,radiation pattern,(sensitivity,0.0
434,the degree of entered apprentice,initiated,0.0
435,teacher,"""teacher",1.0
436,50%,50%,1.0
437,,sport hunting,
438,monumental,monumental,1.0
439,"10,000 years ago",mesolithic,0.0
440,the vas deferens,testes,0.0
441,2006,2006,1.0
442,,cooling,
443,martial,martial,1.0
444,matthew flinders,matthew flinders,1.0
445,playstation portable,playstation portable,1.0
446,kleve,kleve,1.0
447,cablefax,cablefax,1.0
448,a leaky capacitor,leaky,0.0
449,,britain,
450,touch the sky,<pad>,0.0
451,the ashkelon seawater reverse osmosis,ashkelon,0.0
452,,field windings,
453,,brian howard,
454,,45%,
455,,common law,
456,acid-free,acid-free,1.0
457,"15,600","15,600",1.0
458,the american revolutionary war,american revolutionary war,0.0
459,peaceful,peaceful,1.0
460,"6,000","6,000",1.0
461,,temperatures,
462,consumer electronics retail stores,retail stores,0.0
463,,kuiper belt,
464,wildlife artwork,,0.0
465,"england, wales and northern ireland and for civil matters in scotland","england, wales and northern ireland and for civil matters in scotland. (the supreme court for criminal matters in scotland is the high court of justiciary.) the supreme court was established by the constitutional reform act 2005 with effect from 1 october 2009, replacing and assuming the judicial functions of the house of lords. devolution issues under the scotland act 1998, government of wales act and northern ireland act were also transferred to the new supreme court by the constitutional reform act, from the judicial committee of the privy council.</s><pad>",1.0
466,leopoldo méndez,leopoldo méndez,1.0
467,imperium,imperium,1.0
468,,2012–13,
469,"that when the individuals' behavior as well as their identity are analyzed, most people appeared to be at least somewhat bisexual",,0.0
470,,miracles,
471,44.1 khz,44.1 khz,1.0
472,the abomasum,abomasum,0.0
473,sicily,sicily,1.0
474,1997,1997,1.0
475,four,four,1.0
476,holy ghost church,holy ghost church,1.0
477,"memory loss,",memory loss,0.0
478,,ibm,
479,3.3,3.3,1.0
480,chemicals,chemicals,1.0
481,antelope,antelope,1.0
482,,1870,
483,barbarian,goths,0.0
484,single,single origin,1.0
485,,ten years,
486,regrows at the base,regrows,0.0
487,"""dictatorship by plebiscite.""","""dictatorship by plebiscite",0.0
488,ethiopians,ethiopians,1.0
489,allergic rhinitis and sinusitis,allergic rhinitis,0.0
490,,games,
491,epilepsy,epilepsy,1.0
492,,1954,
493,,romans,
494,,eurozone and to stabilise the money market.</s><pad>,
495,hussitism,hussitism,1.0
496,,"genomes are very complex, one research strategy is to reduce the number of genes in a genome to the bare minimum and still have the organism in question survive. there is experimental work being done on minimal genomes",
497,,gymnastics,
498,"the coastline is high and dramatic where the plateau of exmoor meets the sea, with high cliffs and waterfalls.",cliffs,0.0
499,,spying blind,
500,eritrean,eritrean railway,1.0
501,,"2012[update], pakistan's electricity problems were so severe that violent riots were taking place across punjab. according to protesters, load shedding was depriving the cities of electricity 20–22 hours a day, causing businesses to go bust and making living extremely hard. gujranwala, toba tek singh, faisalabad, sialkot, bahawalnagar and communities across khanewal district saw widespread rioting and violence on sunday 17 june 2012",
502,,netherlands,
503,swansea city,swansea city,1.0
504,,2015,
505,,scheinergrade,
506,europe,europe,1.0
507,1st and 2nd,"1st and 2nd congressional districts, based in the tri-cities and knoxville, respectively, are among the few historically republican districts in the south. those districts' residents supported the union over the confederacy during the civil war; they identified with the gop after the war and have stayed with that party ever since. the 1st has been in republican hands continuously since 1881, and republicans (or their antecedents) have held it for all but four years since 1859. the 2nd has been held continuously by republicans or their antecedents since 1859.</s><pad>",1.0
508,embankment,embankment,1.0
509,posterior analytics,posterior analytics,1.0
510,,2011,
511,,1940s,
512,subject of ongoing litigation,intermediaries,0.0
513,the international bitterness units scale,international bitterness units,0.0
514,,global warming,
515,the greek drachma,drachma,0.0
516,stanley morison,stanley morison,1.0
517,monocot,bamboo,0.0
518,common ancestor,sound shifts,0.0
519,16:9,16:9,1.0
520,roman catholic church,roman catholic church,1.0
521,in the united kingdom the teaching of chemistry in particular had fallen behind that in germany,1845,0.0
522,the swiss plateau,swiss plateau,0.0
523,,1840s,
524,,tropical weather,
525,orvieto cathedral,orvieto,0.0
526,11.8%,"5,551 (11.8%)",1.0
527,,journal,
528,the part of the forebrain that is active during migrational orientation,forebrain,0.0
529,academic computing,academic computing,1.0
530,the south end,boston,0.0
531,,comstock laws,
532,december 1921,1921,0.0
533,"""no ufos""","""no ufos",0.0
534,,john wesley,
535,,"cary. it is home to north carolina state university, meredith college, pullen park, pullen memorial baptist church, cameron village, lake johnson, the north carolina museum of art and historic saint mary's school. primary thoroughfares serving west raleigh, in addition to hillsborough street, are avent ferry road, blue ridge road, and western boulevard. the pnc arena is also located here adjacent to the north carolina state fairgrounds. these are located approximately 2 miles from rex hospital.</s><pad>",
536,,civil society,
537,attacks on government offices,attacks,0.0
538,,"surface mount components can be about one-quarter to one-tenth of the size and weight of through-hole components, and passive components much cheaper; prices of semiconductor surface mount devices (smds) are determined more by the chip itself than the package, with little price advantage over larger packages. some wire-ended components, such as 1n4148 small-signal switch diodes, are actually significantly cheaper than smd equivalents.</s><pad>",
539,,shifting,
540,,alexandria,
541,the association to advance collegiate schools of business,aacsb,0.0
542,,john quincy adams,
543,demographic changes,demographic changes,1.0
544,peasants,peasants,1.0
545,identity foreclosure,foreclosure,0.0
546,russia,russia,1.0
547,dhyani buddha amitabha,buddha amitabha,0.0
548,father of modern chemistry,antoine lavoisier,0.0
549,mobile virtual network operators,"isp, sometimes called a wholesale isp in this context, which allow the visp's customers to access the internet using services and infrastructure owned and operated by the wholesale isp. visps resemble mobile virtual network operators",1.0
550,procopius,procopius,1.0
551,,"supercarriers, displacing 75,000 tonnes or greater, have become the pinnacle of carrier development. some are powered by nuclear reactors and form the core of a fleet designed to operate far from home. amphibious assault ships, such as uss tarawa and hms ocean, serve the purpose of carrying and landing marines, and operate a large contingent of helicopters for that purpose. also known as ""commando carriers"" or ""helicopter carriers"", many have the capability to operate vstol aircraft.</s><pad>",
552,,navigate,
553,,pantheism,
554,marshallese,marshallese,1.0
555,rand,rand,1.0
556,"""pure sense perception"", unmediated by any causal or symbolic interpretation, even unconscious interpretation",causal efficacy,0.0
557,pechenegs,,0.0
558,tennessee bottoms,delta,0.0
559,,entropy. entropy is a measure of evenness of a distribution of energy,
560,,22 years,
561,,logistic,
562,tunisia,tunisia,1.0
563,1228,1228,1.0
564,€52.7million,€52.7million,1.0
565,,gothic vault,
566,,"duke university) and chapel hill (home of the university of north carolina at chapel hill). the ""triangle"" nickname originated after the 1959 creation of the research triangle park, located in durham & wake counties partway between the three cities and their universities. the research triangle region encompasses the u.s. census bureau's raleigh-durham-chapel hill combined statistical area (csa), which had an estimated population of 2,037,430",
567,arthropods,arthropods,1.0
568,if diversity is a goal of the university and their racial preferences do not discriminate,"college applicant has a right to expect that a university will design its admissions policies in a way that prizes any particular set of qualities. in this view, admission is not an honor bestowed to reward superior merit but rather a way to advance the mission as each university defines it. if diversity is a goal of the university and their racial preferences do not discriminate against applicants based on hatred or contempt, then affirmative action can be judged acceptable based on the criteria related to the mission the university sets for itself.</s><pad>",1.0
569,the crimean war,crimean war,0.0
570,perhaps the most important crossroads yet,"killing of osama bin laden ""has generated perhaps the most important crossroads",0.0
571,,cathedral,
572,animal sacrifices,animal sacrifices,1.0
573,carl linnaeus,carl linnaeus,1.0
574,palau,palau,1.0
575,tented camps,tented camps,1.0
576,education,education,1.0
577,,california,
578,state governments,state governments,1.0
579,june 1848,1848,0.0
580,,comics,
581,german,german,1.0
582,overnite transportation,overnite,0.0
583,,miami-dade county,
584,,<pad>,
585,abmigration,"""abmigration",1.0
586,liberating insight,"""liberating insight",1.0
587,1945,1945,1.0
588,ike,"dwight david ""ike",1.0
589,,united states cancer institute,
590,limit the amount of control consumers have,copyright infringement,0.0
591,,torchwood,
592,congresso nacional,(congresso nacional,1.0
593,,"catechism by s. wanradt and j. koell dating to 1535, during the protestant reformation period. an estonian grammar book",
594,unsoundness,unsoundness,1.0
595,,gorbachev,
596,lighter skin,lighter,0.0
597,,€230 million (usd296 million,
598,acts of genocide,genocide,0.0
599,,,
600,,nineteenth century,
601,an inconspicuous riser,riser,0.0
602,a french-style city park,city park,0.0
603,the nineteenth century,,0.0
604,fault tolerance,"recovery from a crash. a database transaction is a unit of work, typically encapsulating a number of operations over a database (e.g., reading a database object, writing, acquiring lock, etc.), an abstraction supported in database and also other systems. each transaction has well defined boundaries in terms of which program/code executions are included in that transaction (determined by the transaction's programmer via special transaction commands).</s><pad>",0.0
605,,comics,
606,,nicotinoids,
607,,,
608,,kristjan jaak peterson,
609,during the break,beyoncé,0.0
610,nutria,nutria,1.0
611,,african americans,
612,testing organization may be separate from the development team,team,0.0
613,,bt cotton,
614,,california,
615,loops,loops,1.0
616,4 august 1870,1870,0.0
617,longer,longer,1.0
618,,verbs,
619,octopussy,,0.0
620,it was not well received,"well received by the troops and copies of the sun were soon burnt. tony snow, the sun journalist on hms invincible who had'signed' the missile, reported a few days later that it had hit an argentinian target.</s><pad>",0.0
621,pseudo-dionysius,pseudo-dionysius,1.0
622,£1 million,£1 million,1.0
623,context and feasibility,context,0.0
624,the ballroom,buckingham palace,0.0
625,arena football,arena football,1.0
626,,22,
627,oak,oak,1.0
628,,company values,
629,2009,2009,1.0
630,,dwindling,
631,,japan,
632,thalamus and hypothalamus,,0.0
633,alexander,alexander,1.0
634,czechoslovakia,czechoslovakia,1.0
635,neolithic,neolithic,1.0
636,the treaty simply restored the status quo of 1748,austria,0.0
637,,ten,
638,oda nobunaga,oda nobunaga,1.0
639,fourth,fourth,1.0
640,,"football (or soccer ball). two teams of eleven players each compete to get the ball into the other team's goal (between the posts and under the bar), thereby scoring a goal. the team that has scored more goals at the end of the game is the winner; if both teams have scored an equal number of goals then the game is a draw. each team is led by a captain who has only one official responsibility as mandated by the laws of the game: to be involved in the coin toss prior to kick-off or penalty kicks.</s><pad>",
641,with the gain of the amplifier between the sensor and the analog-to-digital converter,gain of the amplifier between the sensor and the analog-to-digital,0.0
642,1876,1876,1.0
643,one world trade center,one world trade center,1.0
644,les sylphides,les sylphides,1.0
645,,unabomber,
646,,"pacem in terris. he wrote, ""man has the right to live. he has the right to bodily integrity and to the means necessary for the proper development of life, particularly food, clothing, shelter, medical care, rest, and, finally, the necessary social services. in consequence, he has the right to be looked after in the event of ill health; disability stemming from his work; widowhood; old age; enforced unemployment; or whenever through no fault of his own he is deprived of the means of livelihood.""</s><pad>",
647,green,green,1.0
648,22,22,1.0
649,,"2012, more than a third of the u.s. senate introduced a resolution condemning joseph kony 16 days after the ""kony 2012"" video was posted to youtube, with resolution co-sponsor senator lindsey graham remarking that the video ""will do more to lead to (kony's) demise than all other action combined.""</s><pad>",
650,three,three,1.0
651,,p5+1,
652,virudhaka,virudhaka,1.0
653,,six,
654,,$13 billion,
655,idol gives back,idol gives back,1.0
656,,"40% of total waste produced in the united states each year, which adds up to 71.6 million tons of paper waste per year in the united states alone. the average office worker in the us prints 31 pages every day. americans also use on the order of 16",
657,,perkin warbeck,
658,u+feff,u+feff,1.0
659,granting ireland home rule,ireland home rule,0.0
660,"malesherbes, clignancourt-championnet, michelet-institut d'art et d'archéologie, serpente-maison de la recherche, and institut des etudes ibériques","malesherbes, clignancourt-championnet, michelet-institut d'art et d'archéologie, serpente-maison de la recherche, and institut des etudes ibériques. other academic libraries include interuniversity pharmaceutical library, leonardo da vinci university library, paris school of mines library, and the rené descartes university library.</s><pad>",1.0
661,israeli-american,israeli-american,1.0
662,second,second,1.0
663,,ziggy pig and silly seal,
664,,byu,
665,,windhoeker anzeiger,
666,physically possible process,time,0.0
667,north africa west of egypt,north africa,0.0
668,kendal milne and faulkner,kendal milne,0.0
669,state summer residence,brijuni,0.0
670,losing its tax exempt status,tax,0.0
671,,merge,
672,,crusades,
673,3rd century bce,3rd century bce,1.0
674,majjhima nikaya,majjhima nikaya,1.0
675,,congressional system,
676,the oxford movement,oxford movement,0.0
677,,new york,
678,the appalachian mountains,appalachian mountains,0.0
679,linking freemasonry to al-masih ad-dajjal (the false messiah),anti-zionism,0.0
680,"november 19, 2006",2006,0.0
681,the group's underlying set,underlying set g,0.0
682,when the entire expression is in nominative or accusative case,"sentence, and declined as genitive for numbers five and up.</s><pad>",0.0
683,copper,copper,1.0
684,,south africa,
685,alaskan,indigenous alaskan,1.0
686,,carolina cobras,
687,"17,364 km2","17,364",0.0
688,,mauve,
689,neoclassical,neoclassical,1.0
690,,darwin and wallace,
691,,vice president,
692,literary catalan,catalan,0.0
693,"by direct, universal suffrage",universal suffrage,0.0
694,,wannsee conference,
695,11° and 13°n,11° and 13°n,1.0
696,science,,0.0
697,,"""angiosperm",
698,line kansas,spring offensive,0.0
699,870,870,1.0
700,474,474,1.0
701,orwell's nineteen eighty-four,george orwell,0.0
702,,plato,
703,25,25,1.0
704,kuiper belt,kuiper belt,1.0
705,"the real academia de artilharia, fortificação e desenho of rio de janeiro",portuguese,0.0
706,mercantile hulls,bulk cargo ships,0.0
707,"5,400","5,400-man",1.0
708,conquered or significantly influenced,conquered,0.0
709,new york's finest,,0.0
710,64 certifications,64,0.0
711,168,168,1.0
712,90%,90%,1.0
713,,house,
714,,<pad>,
715,saddam hussein,saddam hussein,1.0
716,assemblies,magistrates,0.0
717,five times,five times,1.0
718,"592,185","592,185",1.0
719,placental,placental,1.0
720,secondary growth,secondary growth,1.0
721,more difficult,less privileged upbringing have a more difficult time developing their identity.</s><pad>,1.0
722,"lower-tier fbs, football championship, or division ii schools",exhibition games,0.0
723,dissipation,<pad>,0.0
724,a snubber capacitor,snubber,0.0
725,repugnant to domestic law or indigenous conditions,"date for reception, such as the date of a colony's founding, while others are deliberately vague. thus, contemporary u.s. courts often cite pre-revolution cases when discussing the evolution of an ancient judge-made common law principle into its modern form, such as the heightened duty of care traditionally imposed upon common carriers.</s><pad>",0.0
726,,"marxist critique of capitalism — developed with friedrich engels — was, alongside liberalism and fascism, one of the defining ideological movements of the twentieth century. the industrial revolution produced a parallel revolution in political thought. urbanization and capitalism greatly reshaped society. during this same period, the socialist movement began to form. in the mid-19th century, marxism",
727,"60,000","60,000",1.0
728,,oleg,
729,1864,1864,1.0
730,,"scientific method of inquiry. he discusses aristotle's posterior analytics and significantly diverged from it on several points. avicenna discussed the issue of a proper methodology for scientific inquiry and the question of ""how does one acquire the first principles of a science?"" he asked how a scientist would arrive at ""the initial axioms or hypotheses of a deductive science without inferring them from some more basic premises?"" he explains that the ideal situation is when one grasps that a ""relation holds between the terms, which would allow for absolute, universal certainty."" avicenna then adds two further methods for arriving at the first principles: the ancient aristotelian method of induction (istiqra), and the method of examination and experimentation (tajriba). avicenna criticized aristotelian induction, arguing that ""it does not lead to the absolute, universal, and certain premises that it purports to provide."" in its place, he develops a ""method of experimentation as a means for scientific inquiry.""</s><pad>",
731,,maja,
732,2003,2003,1.0
733,equal status,language,0.0
734,germany,germany,1.0
735,first conjugation,catalan,0.0
736,1962 world's fair,century 21 exposition,0.0
737,king's college london school of medicine,barts,0.0
738,muwallad or muladi,muwallad,0.0
739,,131,
740,uses the electrochemical gradient across the membrane,motility,0.0
741,1992,1992,1.0
742,,one sex,
743,unhindered passage in the interests of education,academic freedom,0.0
744,,magnesium,
745,new york liberty,new york liberty,1.0
746,victorian gothic,victorian,0.0
747,,"original equipment manufacturer (oem) sku, which was only allowed to be used on pcs meant for resale, but added a ""personal use license"" exemption that officially allowed its purchase and personal use by users on homebuilt computers.</s><pad>",
748,,arkansas and texas,
749,choctaw,,0.0
750,,1171,
751,,1453,
752,high pressures,higher,0.0
753,some of the copula limitations,copula limitations,0.0
754,,odyssey,
755,1761,1761,1.0
756,charles martel,charles martel,1.0
757,christian,christian,1.0
758,gasparinus de bergamo,gasparinus de bergamo,1.0
759,,,
760,"july 16, 1945",july 16,0.0
761,,"authorization for use of military force against terrorists or ""aumf"" was made law on 14 september 2001, to authorize the use of united states armed forces against those responsible for the attacks on 11 september 2001. it authorized the president to use all necessary and appropriate force against those nations, organizations, or persons he determines planned, authorized, committed, or aided the terrorist attacks that occurred on 11 september 2001, or harbored such organizations or persons, in order to prevent any future acts of international terrorism against the united states by such nations, organizations or persons. congress declares this is intended to constitute specific statutory authorization within the meaning of section 5(b",
762,,"industrial revolution spread across europe, chemists and manufacturers sought new red dyes that could be used for large-scale manufacture of textiles. one popular color imported into europe from turkey and india in the 18th and early 19th century was turkey red, known in france as rouge d'adrinople. beginning in the 1740s, this bright red color was used to dye or print cotton textiles in england, the netherlands and france. turkey red",
763,green,green,1.0
764,religious and political,religious and political,1.0
765,"silicon, boron, germanium",(silicon,0.0
766,6000 men,6000,0.0
767,wakhan corridor,wakhan corridor,1.0
768,warmth,warmth,1.0
769,"219,551","219,551",1.0
770,,lockheed,
771,her majesty's most honourable privy council,privy council,0.0
772,$15 million per year,$15 million,0.0
773,"full-time, salaried officers prohibited from taking private fees",salaried,0.0
774,,"october 26, 2012",
775,,bauhaus,
776,a renowned sculptor,sculptor,0.0
777,aktualny,"""feasible",0.0
778,,foreign affairs,
779,,coral reefs,
780,,,
781,"latvia, estonia, finland, and bessarabia",finland,0.0
782,,50 feet (15,
783,,president be confirmed by a majority vote of the senate before they can assume their office.</s><pad>,
784,sleep-and-charge usb ports,usb ports,0.0
785,,gothic,
786,,national research council,
787,,malietoa tanumafili ii,
788,,20 years,
789,food supplies,food supplies,1.0
790,,english and irish missionaries,
791,,milan rešetar,
792,,merged,
793,u.s. government policy,government policy,0.0
794,dr. nafis sadik,nafis sadik,0.0
795,one or more usb ports,127,0.0
796,,,
797,isle of man,isle of man,1.0
798,,united kingdom,
799,pragmatic aspects,construction,0.0
800,"in 2012–13, swansea qualified for the europa league","league cup. the number of welsh clubs in the premier league increased to two for the first time in 2013–14, as cardiff city gained promotion, but cardiff city was relegated after its maiden season.</s><pad>",0.0
801,,rousseau,
802,a refillable jug,jug,0.0
803,women,women,1.0
804,halloween,halloween,1.0
805,,medieval,
806,torrid,torrid,1.0
807,,charter schools,
808,gregorian leap year rule,gregorian leap year,0.0
809,,soviet union,
810,catholics,catholics,1.0
811,progressively eliminate child labour,elimination of child labour,0.0
812,,,
813,insects,insects,1.0
814,humanist,humanist,1.0
815,,"elizabeth rarely gives interviews, little is known of her personal feelings. as a constitutional monarch, she has not expressed her own political opinions in a public forum. she does have a deep sense of religious and civic duty, and takes her coronation oath seriously. aside from her official religious role as supreme governor of the established church of england, she is personally a member of that church and the national church of scotland. she has demonstrated support for inter-faith relations and has met with leaders of other churches and religions, including five popes: pius xii, john xxiii, john paul ii, benedict xvi and francis. a personal note about her faith often features in her annual christmas message broadcast to the commonwealth. in 2000, she spoke about the theological significance of the millennium marking the 2000th anniversary of the birth of jesus:</s><pad>",
816,,wii u,
817,,"""stop-gap"" pope",
818,,"23,868",
819,german,german,1.0
820,2010,2010,1.0
821,13-inch scale,13-inch,0.0
822,massachusetts and atlantic avenue,massachusetts and atlantic,0.0
823,,abel goumba,
824,university of central oklahoma,university of central oklahoma,1.0
825,from iceland to britain,iceland,0.0
826,,"""elixir sulfanilamide",
827,1983,,0.0
828,until he returned to india with a pension on her death,1887,0.0
829,june 2004,2004,0.0
830,blue,blue,1.0
831,,,
832,both houses must be notified on the same day,give assent,0.0
833,,2010,
834,1971,(1971,1.0
835,,,
836,4.25,4.25,1.0
837,,cantata,
838,man,arson,0.0
839,,moroccan,
840,1986,1986,1.0
841,museum of contemporary art detroit,museum of contemporary art,0.0
842,,ladies-in-waiting,
843,smaller force levels,manpads,0.0
844,,"300,000",
845,beyoncé fashion diva,beyoncé fashion diva,1.0
846,horse racing,horse racing,1.0
847,penny universities,penny universities,1.0
848,,1964,
849,valencian,(valencian,1.0
850,,lethal injection,
851,great oxidation event,great oxidation event,1.0
852,the war of the sicilian vespers,sicilian vespers,0.0
853,1524 and 1528,1524,0.0
854,,1903,
855,,humanist manifesto,
856,mail,mail armour,1.0
857,cfjc-tv in kamloops,cfjc-tv,0.0
858,,sura 81,
859,a mile high,,0.0
860,,"""arcs",
861,,"380,000",
862,new york giants,new york giants,1.0
863,tokyo,tokyo,1.0
864,eight,eight,1.0
865,two,two,1.0
866,,pcb,
867,,<pad>,
868,silver thaws,"freezing rain (called ""silver thaws",1.0
869,,northern han chinese,
870,an independent air force,independent air force,0.0
871,,family computer,
872,england and wales,england and wales,1.0
873,,bong county,
874,michael martin,michael martin,1.0
875,,alexander hamilton,
876,,immanuel kant,
877,"3,000","3,000",1.0
878,toxins,toxins,1.0
879,"high bilingualism rates and subsequent adoption of english as the preferred language of hispanics, particularly by the young and the native-born.",english language adoption,0.0
880,route 66,route 66,1.0
881,cytosine,cytosine,1.0
882,"""the top 21 tech screwups of 2006""",tech screwups,0.0
883,,noble gases,
884,prominence within the group,its prominence,0.0
885,,loyal,
886,,"grey shirts, shorts and socks. this kit was only worn three times, including against germany in the semi-final of euro 96 but the deviation from the traditional red was unpopular with supporters and the england away kit remained red until 2011, when a navy blue away kit was introduced. the away kit is also sometimes worn during home matches, when a new edition has been released to promote it.</s><pad>",
887,cyprus,cyprus,1.0
888,joseph renzulli,joseph renzulli,1.0
889,five,five,1.0
890,,southern christian leadership conference,
891,horse trade,horse,0.0
892,apple macintosh and microsoft windows,,0.0
893,acknowledgement that death is a necessary part of the cycle of life,"blood is on us and on our children!"" matthew 27:24–25). holy week processions in spain include crowds who vociferously insult the figure of jesus. irreverence, parody, degradation and laughter at a tragicomic effigy god can be seen as intensifications of the sacred order. in 1466, the catholic church under pope paul ii revieved customs of the saturnalia carnival: jews were forced to race naked through the streets of the city of rome. “before they were to run, the jews were richly fed, so as to make the race more difficult for them and at the same time more amusing for spectators. they ran… amid rome’s taunting shrieks and peals of laughter, while the holy father stood upon a richly ornamented balcony and laughed heartily”, an eyewitness reports.</s><pad>",0.0
894,nobel prize in medicine,nobel prize in medicine,1.0
895,melbourne,melbourne,1.0
896,2006,2006,1.0
897,,national archives,
898,shockoe bottom,,0.0
899,a series of state-owned heavy industries,industries,0.0
900,,attack on pearl harbor,
901,baroque and classical music,classical,0.0
902,,,
903,interstate-10,interstate-10,1.0
904,,373,
905,desert,desert,1.0
906,,taxes,
907,bhagavad gita,bhagavad gita,1.0
908,russian empire,russian empire,1.0
909,people believe this to be an effective way to hurry elevators,hurry,0.0
910,foundation for ancient research and mormon studies,foundation for ancient research and mormon studies (farms,1.0
911,2010,2010,1.0
912,,hydrogen,
913,electrical,electrical,1.0
914,,heads or tails,
915,gerudo desert,mirror of twilight,0.0
916,the colour of the light,colour of the light,0.0
917,asclepius,asclepius,1.0
918,cut the road north going to china,"cut the road north going to china, preventing north korean leaders from escaping from pyongyang; and to rescue american prisoners of war. at month's end, un forces held 135,000 kpa prisoners of war. as they neared the sino-korean border, the un forces in the west were divided from those in the east by 50–100 miles of mountainous terrain.</s><pad>",1.0
919,"the diana, princess of wales memorial walk",memorial walk,0.0
920,minerals,minerals,1.0
921,,mid-cretaceous,
922,the mind,mind,0.0
923,for the 2012–13 season the premier league has 10 representatives in the association,10,0.0
924,lamacchia loophole,"""lamacchia loophole",1.0
925,,1837,
926,,medicaid,
927,law of tuvalu,law of tuvalu,1.0
928,cardinal augustin bea,cardinal augustin bea,1.0
929,1917–2015,"35 years (1952–87) of dramatic transformations. in that time the annual operating budget rose by a factor of 18 from $9.7 million to $176.6 million, and the endowment by a factor of 40 from $9 million to $350 million, and research funding by a factor of 20 from $735,000 to $15 million. enrollment nearly doubled from 4,979 to 9,600, faculty more than doubled 389 to 950, and degrees awarded annually doubled from 1,212 to 2,500.</s><pad>",0.0
930,big machine records,big machine,0.0
931,neville southall,neville southall,1.0
932,,"""pesticide era",
933,,steppe,
934,,automatically opens and closes,
935,communication skills and personality,communication skills,0.0
936,the dominican order,dominican order or dominicans,0.0
937,26 october 2015,26 october 2015,1.0
938,yamato,yamato,1.0
939,wilt chamberlain,wilt chamberlain,1.0
940,manchu noblemen and han officials,manchu,0.0
941,coastal patrolling,coastal patrolling,1.0
942,the human rights award for literature,human rights award,0.0
943,over 350 million,350 million,0.0
944,"bronchiectasis, chronic bronchitis, and emphysema",asthma,0.0
945,nearly two years after fighting had broken out in the ohio country.,nearly two years after fighting had broken out in the ohio country.</s><pad>,1.0
946,guarrazar,guarrazar,1.0
947,one-third,one-third,1.0
948,fermentation,fermentation,1.0
949,the united states,united states,0.0
950,,trackpads,
951,"the northern territory protector of natives,",protector of natives,0.0
952,,"deanites, or, more commonly, deaniacs. generally regarded as a pragmatic centrist during his time as governor, dean emerged during his presidential campaign as a left-wing populist, denouncing the policies of the bush administration (especially the 2003 invasion of iraq) as well as fellow democrats, who, in his view, failed to strongly oppose them. senator lieberman, a liberal on domestic issues but a hawk on the war on terror, failed to gain traction with liberal democratic primary voters.</s><pad>",
953,johann christian ruberg,ruberg,0.0
954,41 engineering colleges,41,0.0
955,,moussa traoré,
956,,saint fin barre's,
957,pope gregory vii,pope,0.0
958,federal judge alex kozinski,alex kozinski,0.0
959,,"jews who are often, as a group, referred to collectively as sephardim (together with sephardim proper) for liturgical reasons, although mizrahi jewish groups and sephardi jews",
960,literary cultures,literary,0.0
961,2.5 square meters,2.5,0.0
962,,russian alphabet,
963,,decriminalised,
964,the romans,romans,0.0
965,,printing,
966,on an island of lake texcoco,mexico city,0.0
967,,zionism,
968,monotheistic,,0.0
969,,temperature minimum,
970,strikes by mirage jets,military,0.0
971,the economy of utrecht depends for a large part on the several large institutions located in the city,railroad,0.0
972,,telex,
973,,"universe) may be reckoned as the second great doctrine of the quran. it is estimated that approximately one-third of the quran is eschatological, dealing with the afterlife in the next world and with the day of judgment at the end of time. there is a reference to the afterlife on most pages of the quran and belief in the afterlife is often referred to in conjunction with belief in god as in the common expression: ""believe in god and the last day"". a number of suras such as 44, 56, 75, 78, 81 and 101 are directly related to the afterlife and its preparations. some suras indicate the closeness of the event and warn people to be prepared for the imminent day. for instance, the first verses of sura 22, which deal with the mighty earthquake and the situations of people on that day, represent this style of divine address: ""o people! be respectful to your lord. the earthquake of the hour is a mighty thing.""</s><pad>",
974,easing the debt crisis,easing,0.0
975,,1655,
976,,79,
977,539 bce,539 bce,1.0
978,having been indigenous to the area,indigenous,0.0
979,catalan medium education,catalan medium education,1.0
980,"180,000","180,000",1.0
981,109 °f,109,0.0
982,,romance,
983,vertically integrated,vertically integrated,1.0
984,london,london,1.0
985,,darfur,
986,expel muslims and croats from their homes,genocide,0.0
987,,,
988,pope john paul ii,pope john paul ii,1.0
989,,microbial life,
990,red helium–neon,helium–neon,0.0
991,twenty-five,twenty-four,0.0
992,,juneau,
993,warmth is transferred,icepack,0.0
994,,judges,
995,abundance of perennial rivers,perennial rivers,0.0
996,,number,
997,,royal prerogative,
998,sayyids,scholars,0.0
999,"""the brief galilean vision of humility""",humility,0.0
1000,china,china,1.0
1001,,,
1002,"250,000","250,000",1.0
1003,,1989,
1004,constantius,constantius,1.0
1005,90,90,1.0
1006,the altitude and size of the range,alps,0.0
1007,,historically,
1008,,home educate,
1009,,proto-greek,
1010,,romanticism,
1011,"australia, new zealand and the united states",australia and new zealand,0.0
1012,ablation zone,ablation zone,1.0
1013,western,western,1.0
1014,the ottoman empire,ottoman,0.0
1015,emptiness,emptiness,1.0
1016,,one,
1017,intel.,,0.0
1018,both highways were widened from four to six lanes (three each way) after 1990,1990,0.0
1019,haute couture,haute couture,1.0
1020,,audio data compression,
1021,,timesharing systems but eventually became neglected.</s><pad>,
1022,,nikita khrushchev,
1023,,false,
1024,specific behaviors,behaviors,0.0
1025,61 percent,61 percent,1.0
1026,english,english,1.0
1027,low tax rates,low tax rates,1.0
1028,dhyana,dhyāna,0.0
1029,,1990s,
1030,,2007,
1031,,viagra,
1032,,paul keating,
1033,"r&b, rock, acoustic, and bass booster","acoustic, and bass booster",0.0
1034,,<pad>,
1035,francisco de irrisarri y vinar,francisco de irrisarri,0.0
1036,operation killer,operation killer,1.0
1037,,"frank lloyd wright developed organic architecture, in which the form was defined by its environment and purpose, with an aim to promote harmony between human habitation and the natural world with prime examples being robie house and fallingwater.</s><pad>",
1038,1.4 million,"40% in the united states (5.7 million), with most of the remainder living in europe (1.4 million",1.0
1039,427,427,1.0
1040,frederick the great,"frederick the great, the king of prussia from 1740 to 1786, saw himself as a leader of the enlightenment and patronized philosophers and scientists at his court in berlin. voltaire, who had been imprisoned and maltreated by the french government, was eager to accept frederick's invitation to live at his palace. frederick explained, ""my principal occupation is to combat ignorance and prejudice... to enlighten minds, cultivate morality, and to make people as happy as it suits human nature, and as the means at my disposal permit.""</s><pad>",1.0
1041,,361,
1042,,"convent in prouille. this convent would become the foundation of the dominican nuns, thus making the dominican nuns older than the dominican friars. prior diego sanctioned the building of a monastery for girls whose parents had sent them to the care of the albigensians because their families were too poor to fulfill their basic needs. the monastery",
1043,,stockholm,
1044,80 percent,80,0.0
1045,,pasta,
1046,public relations,d genome,0.0
1047,sub-regions,"sub-regions according to the un), includes following countries and territories:</s><pad>",1.0
1048,large aircraft losses in training,iraq war,0.0
1049,rva street art festival,rva street art festival,1.0
1050,,paul martin,
1051,,12,
1052,,iman crosson,
1053,15 million,15 million,1.0
1054,munich,munich,1.0
1055,austin wranglers,wranglers,0.0
1056,dyche stadium,dyche stadium,1.0
1057,wheel of emotions,"""wheel of emotions",1.0
1058,,australia.</s><pad>,
1059,mahayana,mahayana,1.0
1060,spanish dominicans in the philippines,spanish dominicans,0.0
1061,lake paranoá,lake paranoá,1.0
1062,leftist,leftist,1.0
1063,palermo,palermo,1.0
1064,,standardization,
1065,,starve,
1066,willem jansz,willem jansz,1.0
1067,,trade secret misappropriation,
1068,,iphone,
1069,cartesian mechanical philosophy,force fields,0.0
1070,number of entries in major chinese dictionaries,chinese dictionaries,0.0
1071,almost 10 times the price,10 times,0.0
1072,israeli,israeli,1.0
1073,,"identity status paradigm emerged in later years[when?], driven largely by the work of james marcia. this paradigm focuses upon the twin concepts of exploration and commitment. the central idea is that any individual's sense of identity",
1074,madonna,madonna,1.0
1075,armed police general hospital,armed police general hospital,1.0
1076,immaterialism,immaterialism,1.0
1077,"autocracy, dictatorship, or oligarchy",autocracy,0.0
1078,bacchus,bacchus,1.0
1079,providing sufficient base drive current,base drive current,0.0
1080,2001,2001,1.0
1081,,($70.3,
1082,technical aid,technical aid programs.</s><pad>,1.0
1083,běidǒu,beidou,0.0
1084,raf regiment,royal marines,0.0
1085,the russian president,russian,0.0
1086,dolphus raymond,dolphus raymond,1.0
1087,gustav edler von hayek,von juraschek,0.0
1088,tripedal,tripedal,1.0
1089,rule of judges,"judges.""</s><pad>",0.0
1090,denture cream,denture cream,1.0
1091,the need for making compensation based on the time,compensation,0.0
1092,seed,seed,1.0
1093,,<pad>,
1094,nva,"viet cong), or ""vc"", a guerrilla force within south vietnam. the nva received substantial military and economic aid from the soviet union and china, turning vietnam into a proxy war.</s><pad>",1.0
1095,children did not exceed the education of their parents,income inequality,0.0
1096,the huffington post,clinton bush,0.0
1097,,central bank of liberia,
1098,ex-servicemen or ex-policemen,military officers,0.0
1099,the united states navy,united states,0.0
1100,,serfdom,
1101,fleet street,fleet street,1.0
1102,,xiamen,
1103,eighteen,1224,0.0
1104,art deco,neo-gothic spires of the one detroit center (1993) were designed to blend with the city's art deco,1.0
1105,increase,increase,1.0
1106,old english,old english,1.0
1107,,united states,
1108,four,four,1.0
1109,,"senate during a president's impeachment trial. the rules of the senate, however, generally do not grant much authority to the presiding officer. thus, the chief justice's role in this regard is a limited one.</s><pad>",
1110,winter,wintertime,1.0
1111,,korea,
1112,,slavs,
1113,russia,tsar,0.0
1114,england,england,1.0
1115,,voicing,
1116,kūkai,kūkai,1.0
1117,,paris,
1118,,$17 billion,
1119,,steve jobs,
1120,manshiyat al-bakri,cairo,0.0
1121,tax revenue,tax revenue,1.0
1122,the speaker or the deputy speaker in the speaker's absence,speaker,0.0
1123,1139,1139,1.0
1124,,8,
1125,three,three,1.0
1126,october to april,october to april,1.0
1127,the gateway to the empire,gateway,0.0
1128,", the system remains extremely underdeveloped and poor, with severe shortages of medical supplies","remains extremely underdeveloped and poor, with severe shortages of medical supplies. the state's ministry of labor and social welfare reported that 104,272 disabled people are registered in tajikistan (2000). this group of people suffers most from poverty in tajikistan. the government of tajikistan and the world bank considered activities to support this part of the population described in the world bank's poverty reduction strategy paper. public expenditure on health was at 1% of the gdp in 2004.</s><pad>",0.0
1129,(resulting in manchester united lifting the uefa cup winners' cup in 1991,manchester united,0.0
1130,,passengers,
1131,october 2003,2003,0.0
1132,south philadelphia,south philadelphia,1.0
1133,cocos,felix,0.0
1134,,presbyterian,
1135,the judicial committee of the privy council,judicial committee of the privy council,0.0
1136,,tourism decision metrics (tdm) model. countries which belong to the southern/mediterranean europe are:</s><pad>,
1137,,200,
1138,not required,"required to adopt the protocol. sometimes this is made clearer by calling it an ""optional protocol"", especially where many parties to the first agreement do not support the protocol.</s><pad>",0.0
1139,text messaging,text messaging,1.0
1140,became more elaborate,love.</s><pad>,0.0
1141,"workers, agricultural workers, and slaves",slaves,0.0
1142,,,
1143,portuguese,portuguese,1.0
1144,,1898,
1145,,windward coast,
1146,water vapor in the atmosphere,water vapor,0.0
1147,18.4 °c,18.4,0.0
1148,,prior learning,
1149,,"china, france, russia and the united kingdom as middle powers.</s><pad>",
1150,peter 4:16,"26:28, where herod agrippa ii replied to paul the apostle, ""then agrippa said unto paul, almost thou persuadest me to be a christian."" the third and final new testament reference to the term is in 1 peter 4:16",1.0
1151,,rebecca lowe,
1152,first landscaped,landscaped,0.0
1153,love of my life,"""love of my life",1.0
1154,the rus' state,rus,0.0
1155,fox,fitzwilliam,0.0
1156,,electronic,
1157,queen elizabeth ii.,queen elizabeth ii,0.0
1158,electric field that is produced when a voltage is applied between the gate and source terminals,voltage,0.0
1159,jfc,"joint force commanders (jfc) in the cocom's area of responsibility (aor), the c-naf may deploy air component coordinate elements (acce) to liaise with the jfc. if the air force possesses the preponderance of air forces in a jfc's area of operations, the comaffor will also serve as the joint forces air component commander (jfacc).</s><pad>",1.0
1160,sher shah suri,sher shah suri,1.0
1161,venus,venus,1.0
1162,mithridates of pontus,mithridates,0.0
1163,,,
1164,traditional and folk culture,portuguese singing groups,0.0
1165,,,
1166,the old 13th cheshire rifleman corps inn,q inn,0.0
1167,spanish garrison at baton rouge,spanish rule,0.0
1168,,france,
1169,"7,855","7,855",1.0
1170,german v-1 cruise missiles,german v-1 cruise missiles,1.0
1171,they have arrived at diverging conclusions,diverging,0.0
1172,major cities,cities,0.0
1173,the russian soviet federative socialist republic,russian soviet federative socialist republic,0.0
1174,1846,1846,1.0
1175,beyonce pregnant,"""beyonce pregnant",1.0
1176,,a12 and a2,
1177,zhejiang,zhejiang,1.0
1178,,<pad>,
1179,,web,
1180,experimental usefulness,"""experimental",0.0
1181,mercantilism,mercantilism,1.0
1182,dozens,"dozens of factories manufacturing weapons as well as consumer goods. the armed forces' inventory includes equipment from different countries around the world. equipment from the former soviet union is being progressively replaced by more modern us, french, and british equipment, a significant portion of which is built under license in egypt, such as the m1 abrams tank.[citation needed] relations with russia have improved significantly following mohamed morsi's removal and both countries have worked since then to strengthen military and trade ties among other aspects of bilateral co-operation. relations with china have also improved considerably. in 2014",1.0
1183,declared martial law after widespread protests.,pro-democracy,0.0
1184,home,"""home",1.0
1185,parasitoids,parasitoids,1.0
1186,churches and cathedrals,churches,0.0
1187,green,green,1.0
1188,beautiful day,"""beautiful day",1.0
1189,"2,000,000 square feet",us$350–500 million,0.0
1190,"mentioned alongside geese, chickens, and peafowl as being used for rental payments made by tenants to landowners.",payments,0.0
1191,1.5%,1.5%,1.0
1192,versailles,versailles,1.0
1193,petrarch,petrarch,1.0
1194,joint terrorism task force,homeland security,0.0
1195,,american association of university professors,
1196,,,
1197,the naval reserve headquarters (navreshq),(marlant,0.0
1198,,treaty of tartu,
1199,high-surrogate code points,high and low surrogate code points,0.0
1200,,plato,
1201,american association of university professors,university professors,0.0
1202,e-plane,,0.0
1203,christianity,christianity,1.0
1204,mike walker,mike walker,1.0
1205,,2007,
1206,,"weeks. a physical or electronic calendar provides conversion from a given date to the weekday, and shows multiple dates for a given weekday and month. calculating",
1207,high culture,high culture,1.0
1208,,"uranium-238 (99.28% natural abundance), uranium-235 (0.71%),",
1209,zinc-doped gallium nitride,gallium nitride,0.0
1210,it has decreased to 7%,7%,0.0
1211,large tumour on her liver that had distended her abdomen,tumour,0.0
1212,november to february,november,0.0
1213,the greek,<pad>,0.0
1214,,mid-1970s,
1215,racism,racism,1.0
1216,present building dates from 1786,1786,0.0
1217,1885,1885,1.0
1218,"management, engineering, and communication","management, engineering",0.0
1219,ball grid array (bga),ball grid array (bga,0.0
1220,,"alphabet from which a general set of orthographical correspondences was drawn, it did not have a standard orthography. it also contained a number of sound clusters which no longer exist; allowing ě (/jɛ/) after soft consonants, which has since shifted to e (/ɛ/), and allowing complex consonant clusters to be pronounced all at once rather than syllabically. a phonological phenomenon, havlik's law (which began in proto-slavic and took various forms in other slavic languages), appeared in old czech; counting backwards from the end of a clause, every odd-numbered yer was vocalized as a vowel, while the other yers disappeared.</s><pad>",
1221,,2008,
1222,"reals r under addition, (r ∖ {0}, ·),",r,0.0
1223,coastline,coastline,1.0
1224,,somerset levels,
1225,,roger lupton,
1226,1837,1837,1.0
1227,netherlandish,"italy, as did northern illuminated manuscripts, which in the 15th century began to be collected on a large scale by secular elites, who also commissioned secular books, especially histories. from about 1450 printed books rapidly became popular, though still expensive. there were around 30,000 different editions of incunabula, or works printed before 1500, by which time illuminated manuscripts were commissioned only by royalty and a few others. very small woodcuts, nearly all religious, were affordable even by peasants in parts of northern europe from the middle of the 15th century. more expensive engravings supplied a wealthier market with a variety of images.</s><pad>",0.0
1228,governor-general,"royal assent in both 1976 and 2001. in 1976, a bill originating in the house of representatives was mistakenly submitted to the governor-general and assented to. however, it was later discovered that it had not been passed by each house. the error arose because two bills of the same title had originated from the house. the governor-general revoked the first assent, before assenting to the bill which had actually passed. the same procedure was followed to correct a similar error which arose in 2001.</s><pad>",1.0
1229,,24,
1230,harriet martineau,harriet martineau,1.0
1231,one of several clubs in downtown raleigh that schedules many concerts,raleigh,0.0
1232,in solitary confinement,in solitary confinement,1.0
1233,,normalized,
1234,vegetations and landscapes,"climate is that of the mediterranean climate, which has become a typically known characteristic of the area. the mediterranean climate covers much of portugal, spain, southeast france, italy, croatia, albania, montenegro, greece, the western and southern coastal regions of turkey as well as the mediterranean islands. those areas of mediterranean climate present similar vegetations and landscapes",1.0
1235,the office of training and education,office of training and education,0.0
1236,"chemicals, electronics, machinery, processed food, synthetic rubber, and textile",chemicals,0.0
1237,2008,2008,1.0
1238,,,
1239,,back into the fold. davis is still with sony music as chief creative officer.</s><pad>,
1240,catalan,catalan,1.0
1241,tulsa,tulsa,1.0
1242,date palm,date,0.0
1243,modern-day feminist,"""modern-day feminist",1.0
1244,lethal injection,lethal injection,1.0
1245,,"broken down by microbes and other living beings into harmless compounds, or persistent pesticides, which may take months or years before they are broken down: it was the persistence of ddt, for example, which led to its accumulation in the food chain and its killing of birds of prey at the top of the food chain. another way to think about pesticides is to consider those that are chemical pesticides or are derived from a common source or production method.</s><pad>",
1246,"bois de boulogne, bois de vincennes",bois de boulogne,0.0
1247,,sanskrit,
1248,"pearl jam, alice in chains, mother love bone and soundgarden",pearl jam,0.0
1249,surge of republicanism,napoleonic,0.0
1250,expelled by the soviet union,expelled,0.0
1251,"i-24, i-81, i-40, i-75, and i-26",i-24,0.0
1252,a bulgarian dialect,"bulgarian dialect, in contrast with the contemporary international view and the view in the republic of macedonia, which regards it as a language in its own right. nevertheless, before the establishment of a literary standard of macedonian in 1944, in most sources in and out of bulgaria before the second world war, the southern slavonic dialect continuum covering the area of today's republic of macedonia were referred to as bulgarian dialects",0.0
1253,hero myth,founding,0.0
1254,silicate glasses,"""silicate",0.0
1255,full-body,primitive flying insect,0.0
1256,carrasco,carrasco,1.0
1257,,licenses,
1258,gaius marius,gaius marius,1.0
1259,no i.d.,"nonetheless supported him. west crossed paths with producer/dj no i.d., with whom he quickly formed a close friendship. no i.d. soon became west's mentor, and it was from him that west learned how to sample and program beats after he received his first sampler at age 15.</s><pad>",1.0
1260,the little princesses,little princesses,0.0
1261,,william james,
1262,both single leg and double leg work,"double leg work however, is the main staple of this event. the gymnast swings both legs in a circular motion (clockwise or counterclockwise depending on preference) and performs such skills on all parts of the apparatus. to make the exercise more challenging, gymnasts",0.0
1263,erasmus language centre,erasmus language centre,1.0
1264,synthetic cubism,"""high",0.0
1265,,skeletal remains,
1266,corvids and parrots,corvids and parrots,1.0
1267,digestive enzymes from the pancreas and bile juice from the liver,bile,0.0
1268,burned,burned,1.0
1269,popular,popular,1.0
1270,nathan knorr,nathan knorr,1.0
1271,,1914,
1272,1908,1908,1.0
1273,jackie chan,jackie chan,1.0
1274,,"phonological phenomena are no longer seen as operating on one linear sequence of segments, called phonemes or feature combinations, but rather as involving some parallel sequences of features which reside on multiple tiers. autosegmental phonology later evolved into feature geometry, which became the standard theory of representation for theories of the organization of phonology",
1275,malian government,malian government,1.0
1276,airstrikes in iraq over isil held territories,august,0.0
1277,modern israeli hebrew,israeli,0.0
1278,john stevens,john stevens,1.0
1279,1.7 million,1.7 million,1.0
1280,"august 6, 2003",august 6,0.0
1281,a cabinet of coins,coins,0.0
1282,2020,2020,1.0
1283,clarmac roads ltd,clarmac,0.0
1284,"basic instinct, stargate, terminator 2: judgment day, showgirls, cutthroat island, and cliffhanger",showgirls,0.0
1285,,queen,
1286,it is somewhat less dense than iron,mercury and cadmium.</s><pad>,0.0
1287,,cd,
1288,. testing peak expiratory flow,peak expiratory flow,0.0
1289,867,867–886,1.0
1290,irregularities,irregularities,1.0
1291,realism and naturalism,naturalism,0.0
1292,80 km/h (50 mph),80,0.0
1293,unconnected,unconnected,1.0
1294,,cbs,
1295,,marseillaise,
1296,dalai lama,dalai lama,1.0
1297,,alcock,
1298,zhèng,zhèng,1.0
1299,emperor charlemagne,charlemagne,0.0
1300,the fall of mosul,fall of mosul,0.0
1301,,"surplus in production the economy began to expand resulting in urbanization thus creating urban areas which grew and evolved very rapidly in some cases, such as that of çatal höyük in anatolia and mohenjo daro of the indus valley civilization in modern-day pakistan.</s><pad>",
1302,resident or sedentary,resident,0.0
1303,latin,latin,1.0
